<?xml version="1.0" encoding="utf-8"?>
<bwFrame xmlns:xsi="http://www.w3.org/2001/XMLSchema-instance" xmlns:xsd="http://www.w3.org/2001/XMLSchema" default_layout="pxabnsnfns11111101111" textdirection="ltr" device="false" fontscale="100" kbshortcuts="false" skip_nav_enabled="true" chromeless="false" outputtype="undefined" theme="classic">
  <layouts>
    <layout name="npnxnanbsnfns11111101111" font="Open Sans" controllayout="npnxnanbsnfns11111101111" colorscheme="pxabnsnfns11111101111" string_table="pxabnsnfns11111101111" />
    <layout name="pxabnsnfns11111101111" font="Open Sans" controllayout="pxabnsnfns11111101111" colorscheme="pxabnsnfns11111101111" string_table="pxabnsnfns11111101111" />
    <layout name="npxnabnsnfns11111101111" font="Open Sans" controllayout="npxnabnsnfns11111101111" colorscheme="pxabnsnfns11111101111" string_table="pxabnsnfns11111101111" />
    <layout name="npnxnanbnsnfns11111101111" font="Open Sans" controllayout="npnxnanbnsnfns11111101111" colorscheme="pxabnsnfns11111101111" string_table="pxabnsnfns11111101111" />
    <layout name="pxabnsnfns11111101110" font="Open Sans" controllayout="pxabnsnfns11111101110" colorscheme="pxabnsnfns11111101111" string_table="pxabnsnfns11111101111" />
  </layouts>
  <control_options>
    <optiongroups>
      <optiongroup name="sidebaroptions">
        <options>
          <option name="title_enabled" value="true">
            <options>
              <option name="title_text" value="Communication Situation" />
            </options>
          </option>
          <option name="logo_enabled" value="true">
            <options>
              <option name="logo_url" value="story_content/logo.swf">
                <properties>
                  <property name="width" value="1022" />
                  <property name="height" value="210" />
                </properties>
              </option>
              <option name="html5_logo_url" value="mobile/6BEv6Je7JM1.png" />
            </options>
          </option>
          <option name="sidebar_enabled" value="true">
            <options>
              <option name="sidebarpos" value="left" />
              <option name="closed" value="false" />
            </options>
          </option>
          <optionlist name="tabs">
            <listitems>
              <listitem name="resources" value="true" group="linkright" />
              <listitem name="transcript" value="true" group="sidebar" />
              <listitem name="outline" value="true" group="sidebar" />
              <listitem name="glossary" value="false" group="sidebar" />
            </listitems>
          </optionlist>
          <option name="time_enabled" value="false">
            <options>
              <option name="time_format" value="" />
            </options>
          </option>
          <option name="video_enabled" value="false">
            <options>
              <option name="height" value="135" />
            </options>
          </option>
        </options>
      </optiongroup>
      <optiongroup name="menuoptions">
        <options>
          <option name="flow" value="free" />
          <option name="wraplistitems" value="false" />
          <option name="tooltips" value="true" />
          <option name="autocollapse" value="true" />
          <option name="autonumber" value="false" />
          <option name="enableresultsicons" value="true" />
        </options>
      </optiongroup>
      <optiongroup name="controls">
        <options>
          <option name="volume" value="true" />
          <option name="seekbar" value="true">
            <options>
              <option name="readonly" value="true" />
              <option name="readonlyOnce" value="false" />
            </options>
          </option>
          <option name="pauseplay" value="true" />
          <option name="replay" value="true" />
          <option name="search" value="true" />
          <option name="closed_captions" value="false">
            <options>
              <option name="font" value="Open Sans" />
            </options>
          </option>
        </options>
      </optiongroup>
      <optiongroup name="bottombaroptions">
        <options>
          <option name="bottombar_enabled" value="true" />
        </options>
      </optiongroup>
    </optiongroups>
  </control_options>
  <control_layouts>
    <control_layout name="npnxnanbsnfns11111101111">
      <control name="volume" enabled="true" />
      <control name="seekbar" enabled="true" />
      <control name="replay" enabled="true" />
      <control name="pauseplay" enabled="true" />
      <control name="logo" enabled="true" />
      <control name="previous" enabled="false" />
      <control name="next" enabled="false" />
      <control name="swipeleft" enabled="false" />
      <control name="swiperight" enabled="false" />
      <control name="submit" enabled="true" />
      <control name="finish" enabled="false" />
      <control name="submitall" enabled="false" />
      <control name="resources" enabled="true" />
      <control name="glossary" enabled="false" />
      <control name="transcript" enabled="true" />
      <control name="outline" enabled="true">
        <controls>
          <control name="search" enabled="true" />
        </controls>
      </control>
      <control name="close_btn" enabled="true" />
    </control_layout>
    <control_layout name="pxabnsnfns11111101111">
      <control name="volume" enabled="true" />
      <control name="seekbar" enabled="true" />
      <control name="replay" enabled="true" />
      <control name="pauseplay" enabled="true" />
      <control name="logo" enabled="true" />
      <control name="previous" enabled="true" />
      <control name="next" enabled="true" />
      <control name="swipeleft" enabled="true" />
      <control name="swiperight" enabled="true" />
      <control name="submit" enabled="false" />
      <control name="finish" enabled="false" />
      <control name="submitall" enabled="false" />
      <control name="resources" enabled="true" />
      <control name="glossary" enabled="false" />
      <control name="transcript" enabled="true" />
      <control name="outline" enabled="true">
        <controls>
          <control name="search" enabled="true" />
        </controls>
      </control>
      <control name="close_btn" enabled="true" />
    </control_layout>
    <control_layout name="npxnabnsnfns11111101111">
      <control name="volume" enabled="true" />
      <control name="seekbar" enabled="true" />
      <control name="replay" enabled="true" />
      <control name="pauseplay" enabled="true" />
      <control name="logo" enabled="true" />
      <control name="previous" enabled="false" />
      <control name="next" enabled="true" />
      <control name="swipeleft" enabled="false" />
      <control name="swiperight" enabled="true" />
      <control name="submit" enabled="false" />
      <control name="finish" enabled="false" />
      <control name="submitall" enabled="false" />
      <control name="resources" enabled="true" />
      <control name="glossary" enabled="false" />
      <control name="transcript" enabled="true" />
      <control name="outline" enabled="true">
        <controls>
          <control name="search" enabled="true" />
        </controls>
      </control>
      <control name="close_btn" enabled="true" />
    </control_layout>
    <control_layout name="npnxnanbnsnfns11111101111">
      <control name="volume" enabled="true" />
      <control name="seekbar" enabled="true" />
      <control name="replay" enabled="true" />
      <control name="pauseplay" enabled="true" />
      <control name="logo" enabled="true" />
      <control name="previous" enabled="false" />
      <control name="next" enabled="false" />
      <control name="swipeleft" enabled="false" />
      <control name="swiperight" enabled="false" />
      <control name="submit" enabled="false" />
      <control name="finish" enabled="false" />
      <control name="submitall" enabled="false" />
      <control name="resources" enabled="true" />
      <control name="glossary" enabled="false" />
      <control name="transcript" enabled="true" />
      <control name="outline" enabled="true">
        <controls>
          <control name="search" enabled="true" />
        </controls>
      </control>
      <control name="close_btn" enabled="true" />
    </control_layout>
    <control_layout name="pxabnsnfns11111101110">
      <control name="volume" enabled="true" />
      <control name="seekbar" enabled="true" />
      <control name="replay" enabled="true" />
      <control name="pauseplay" enabled="true" />
      <control name="logo" enabled="true" />
      <control name="previous" enabled="true" />
      <control name="next" enabled="true" />
      <control name="swipeleft" enabled="true" />
      <control name="swiperight" enabled="true" />
      <control name="submit" enabled="false" />
      <control name="finish" enabled="false" />
      <control name="submitall" enabled="false" />
      <control name="resources" enabled="true" />
      <control name="glossary" enabled="false" />
      <control name="transcript" enabled="true" />
      <control name="outline" enabled="true">
        <controls>
          <control name="search" enabled="true" />
        </controls>
      </control>
      <control name="close_btn" enabled="false" />
    </control_layout>
  </control_layouts>
  <colorschemes>
    <colorscheme name="pxabnsnfns11111101111">
      <color_group name="infopanel">
        <group_colors>
          <color name="link_text">
            <fill type="linear" rotation="90">
              <colors>
                <color rgb="0x7C2280" alpha="100" stop="0" />
              </colors>
            </fill>
          </color>
          <color name="link_hover">
            <fill type="linear" rotation="90">
              <colors>
                <color rgb="0x0000EE" alpha="100" stop="0" />
              </colors>
            </fill>
          </color>
          <color name="shadow">
            <fill type="linear" rotation="90">
              <colors>
                <color rgb="0x000000" alpha="100" stop="0" />
              </colors>
            </fill>
          </color>
          <color name="bg">
            <fill type="linear" rotation="90">
              <colors>
                <color rgb="0xFFFFFF" alpha="100" stop="0" />
              </colors>
            </fill>
          </color>
          <color name="name_text">
            <fill type="linear" rotation="90">
              <colors>
                <color rgb="0x444444" alpha="100" stop="0" />
              </colors>
            </fill>
          </color>
          <color name="title_text">
            <fill type="linear" rotation="90">
              <colors>
                <color rgb="0x999999" alpha="100" stop="0" />
              </colors>
            </fill>
          </color>
        </group_colors>
      </color_group>
      <color_group name="infopanelpopup">
        <group_colors>
          <color name="link_text">
            <fill type="linear" rotation="90">
              <colors>
                <color rgb="0xFFFFFF" alpha="100" stop="0" />
              </colors>
            </fill>
          </color>
          <color name="link_hover">
            <fill type="linear" rotation="90">
              <colors>
                <color rgb="0x757575" alpha="100" stop="0" />
              </colors>
            </fill>
          </color>
          <color name="bg">
            <fill type="linear" rotation="90">
              <colors>
                <color rgb="0x1D1D1D" alpha="100" stop="0" />
                <color rgb="0x0B0B0B" alpha="100" stop="255" />
              </colors>
            </fill>
          </color>
          <color name="shadow">
            <fill type="linear" rotation="90">
              <colors>
                <color rgb="0x000000" alpha="100" stop="0" />
              </colors>
            </fill>
          </color>
          <color name="name_text">
            <fill type="linear" rotation="90">
              <colors>
                <color rgb="0x727272" alpha="100" stop="0" />
              </colors>
            </fill>
          </color>
          <color name="bio_text">
            <fill type="linear" rotation="90">
              <colors>
                <color rgb="0xFFFFFF" alpha="100" stop="0" />
              </colors>
            </fill>
          </color>
        </group_colors>
      </color_group>
      <color_group name="timer">
        <group_colors>
          <color name="duration">
            <fill type="linear" rotation="90">
              <colors>
                <color rgb="0x00D7FF" alpha="100" stop="0" />
                <color rgb="0x00ABFF" alpha="100" stop="255" />
              </colors>
            </fill>
          </color>
          <color name="elapsed">
            <fill type="linear" rotation="90">
              <colors>
                <color rgb="0xFEE347" alpha="100" stop="0" />
                <color rgb="0xFCCC2A" alpha="100" stop="255" />
              </colors>
            </fill>
          </color>
          <color name="stroke">
            <fill type="linear" rotation="90">
              <colors>
                <color rgb="0xFFFFFF" alpha="100" stop="0" />
              </colors>
            </fill>
          </color>
          <color name="inner">
            <fill type="linear" rotation="90">
              <colors>
                <color rgb="0xCCCCCC" alpha="100" stop="0" />
              </colors>
            </fill>
          </color>
          <color name="text">
            <fill type="linear" rotation="90">
              <colors>
                <color rgb="0xFFFFFF" alpha="100" stop="0" />
              </colors>
            </fill>
          </color>
        </group_colors>
      </color_group>
      <color_group name="window">
        <group_colors>
          <color name="text">
            <fill type="linear" rotation="90">
              <colors>
                <color rgb="0xFFFFFF" alpha="100" stop="0" />
              </colors>
            </fill>
          </color>
          <color name="inner">
            <fill type="linear" rotation="90">
              <colors>
                <color rgb="0x1D1D1D" alpha="100" stop="0" />
                <color rgb="0x0B0B0B" alpha="100" stop="255" />
              </colors>
            </fill>
          </color>
          <color name="bg">
            <fill type="linear" rotation="90">
              <colors>
                <color rgb="0x2A2A2A" alpha="100" stop="0" />
              </colors>
            </fill>
          </color>
          <color name="diva">
            <fill type="linear" rotation="90">
              <colors>
                <color rgb="0x313131" alpha="100" stop="0" />
              </colors>
            </fill>
          </color>
          <color name="divb">
            <fill type="linear" rotation="90">
              <colors>
                <color rgb="0x0E0E0E" alpha="100" stop="0" />
              </colors>
            </fill>
          </color>
          <color name="shadow">
            <fill type="linear" rotation="90">
              <colors>
                <color rgb="0x000000" alpha="20" stop="0" />
              </colors>
            </fill>
          </color>
        </group_colors>
      </color_group>
      <color_group name="editor">
        <group_colors>
          <color name="slide_text">
            <fill type="linear" rotation="90">
              <colors>
                <color rgb="0xFFFFFF" alpha="100" stop="0" />
              </colors>
            </fill>
          </color>
          <color name="html_text">
            <fill type="linear" rotation="90">
              <colors>
                <color rgb="0xFFFFFF" alpha="100" stop="0" />
              </colors>
            </fill>
          </color>
          <color name="btn_text_shadow">
            <fill type="linear" rotation="90">
              <colors>
                <color rgb="0x000000" alpha="100" stop="0" />
              </colors>
            </fill>
          </color>
          <color name="btn_text">
            <fill type="linear" rotation="90">
              <colors>
                <color rgb="0xFFFFFF" alpha="100" stop="0" />
              </colors>
            </fill>
          </color>
          <color name="btn_border">
            <fill type="linear" rotation="90">
              <colors>
                <color rgb="0x030303" alpha="100" stop="0" />
              </colors>
            </fill>
          </color>
          <color name="btn_hover">
            <fill type="linear" rotation="90">
              <colors>
                <color rgb="0x3A3A3A" alpha="100" stop="0" />
                <color rgb="0x0C0C0C" alpha="100" stop="255" />
              </colors>
            </fill>
          </color>
          <color name="btn_down">
            <fill type="linear" rotation="90">
              <colors>
                <color rgb="0x141414" alpha="100" stop="0" />
                <color rgb="0x323232" alpha="100" stop="255" />
              </colors>
            </fill>
          </color>
          <color name="btn_bg">
            <fill type="linear" rotation="90">
              <colors>
                <color rgb="0x333333" alpha="100" stop="0" />
                <color rgb="0x141414" alpha="100" stop="255" />
              </colors>
            </fill>
          </color>
        </group_colors>
      </color_group>
      <color_group name="listitem">
        <group_colors>
          <color name="selected_text">
            <fill type="linear" rotation="90">
              <colors>
                <color rgb="0xFFFFFF" alpha="100" stop="0" />
              </colors>
            </fill>
          </color>
          <color name="shadow">
            <fill type="linear" rotation="90">
              <colors>
                <color rgb="0x000000" alpha="100" stop="0" />
              </colors>
            </fill>
          </color>
          <color name="selected">
            <fill type="linear" rotation="90">
              <colors>
                <color rgb="0x3F3F3F" alpha="100" stop="0" />
              </colors>
            </fill>
          </color>
          <color name="text">
            <fill type="linear" rotation="90">
              <colors>
                <color rgb="0xFFFFFF" alpha="100" stop="0" />
              </colors>
            </fill>
          </color>
          <color name="viewed">
            <fill type="linear" rotation="90">
              <colors>
                <color rgb="0x878787" alpha="100" stop="0" />
              </colors>
            </fill>
          </color>
          <color name="hover">
            <fill type="linear" rotation="90">
              <colors>
                <color rgb="0x313131" alpha="100" stop="0" />
              </colors>
            </fill>
          </color>
          <color name="lines">
            <fill type="linear" rotation="90">
              <colors>
                <color rgb="0x343434" alpha="100" stop="0" />
              </colors>
            </fill>
          </color>
        </group_colors>
      </color_group>
      <color_group name="glossary">
        <group_colors>
          <color name="selected_text">
            <fill type="linear" rotation="90">
              <colors>
                <color rgb="0xFFFFFF" alpha="100" stop="0" />
              </colors>
            </fill>
          </color>
          <color name="selected">
            <fill type="linear" rotation="90">
              <colors>
                <color rgb="0x3F3F3F" alpha="100" stop="0" />
              </colors>
            </fill>
          </color>
          <color name="text">
            <fill type="linear" rotation="90">
              <colors>
                <color rgb="0xFFFFFF" alpha="100" stop="0" />
              </colors>
            </fill>
          </color>
          <color name="hover">
            <fill type="linear" rotation="90">
              <colors>
                <color rgb="0x1C1C1C" alpha="100" stop="0" />
              </colors>
            </fill>
          </color>
          <color name="heading_text">
            <fill type="linear" rotation="90">
              <colors>
                <color rgb="0xFFFFFF" alpha="100" stop="0" />
              </colors>
            </fill>
          </color>
          <color name="diva">
            <fill type="linear" rotation="90">
              <colors>
                <color rgb="0x3D3D3D" alpha="100" stop="0" />
              </colors>
            </fill>
          </color>
          <color name="divb">
            <fill type="linear" rotation="90">
              <colors>
                <color rgb="0x202020" alpha="100" stop="0" />
              </colors>
            </fill>
          </color>
          <color name="divc">
            <fill type="linear" rotation="90">
              <colors>
                <color rgb="0x3D3D3D" alpha="100" stop="0" />
              </colors>
            </fill>
          </color>
          <color name="bg">
            <fill type="linear" rotation="90">
              <colors>
                <color rgb="0x333333" alpha="100" stop="0" />
              </colors>
            </fill>
          </color>
        </group_colors>
      </color_group>
      <color_group name="resource">
        <group_colors>
          <color name="separator">
            <fill type="linear" rotation="90">
              <colors>
                <color rgb="0x2C2C2C" alpha="100" stop="0" />
              </colors>
            </fill>
          </color>
        </group_colors>
      </color_group>
      <color_group name="outline">
        <group_colors>
          <color name="search_hover">
            <fill type="linear" rotation="90">
              <colors>
                <color rgb="0x757575" alpha="100" stop="0" />
              </colors>
            </fill>
          </color>
          <color name="search_text">
            <fill type="linear" rotation="90">
              <colors>
                <color rgb="0xFFFFFF" alpha="100" stop="0" />
              </colors>
            </fill>
          </color>
          <color name="divc">
            <fill type="linear" rotation="90">
              <colors>
                <color rgb="0x343434" alpha="100" stop="0" />
              </colors>
            </fill>
          </color>
          <color name="divb">
            <fill type="linear" rotation="90">
              <colors>
                <color rgb="0x363636" alpha="100" stop="0" />
              </colors>
            </fill>
          </color>
          <color name="diva">
            <fill type="linear" rotation="90">
              <colors>
                <color rgb="0x1C1C1C" alpha="100" stop="0" />
              </colors>
            </fill>
          </color>
        </group_colors>
      </color_group>
      <color_group name="transcript">
        <group_colors>
          <color name="heading_text">
            <fill type="linear" rotation="90">
              <colors>
                <color rgb="0xFFFFFF" alpha="100" stop="0" />
              </colors>
            </fill>
          </color>
          <color name="div">
            <fill type="linear" rotation="90">
              <colors>
                <color rgb="0x2C2C2C" alpha="100" stop="0" />
              </colors>
            </fill>
          </color>
        </group_colors>
      </color_group>
      <color_group name="tabs">
        <group_colors>
          <color name="shadow">
            <fill type="linear" rotation="90">
              <colors>
                <color rgb="0x000000" alpha="100" stop="0" />
              </colors>
            </fill>
          </color>
          <color name="hover">
            <fill type="linear" rotation="90">
              <colors>
                <color rgb="0x525454" alpha="100" stop="0" />
              </colors>
            </fill>
          </color>
          <color name="selected">
            <fill type="linear" rotation="90">
              <colors>
                <color rgb="0xFFFFFF" alpha="100" stop="0" />
              </colors>
            </fill>
          </color>
          <color name="text">
            <fill type="linear" rotation="90">
              <colors>
                <color rgb="0x727272" alpha="100" stop="0" />
              </colors>
            </fill>
          </color>
          <color name="bg">
            <fill type="linear" rotation="90">
              <colors>
                <color rgb="0x242424" alpha="100" stop="0" />
              </colors>
            </fill>
          </color>
        </group_colors>
      </color_group>
      <color_group name="seekcontrol">
        <group_colors>
          <color name="btn_icon_hover">
            <fill type="linear" rotation="90">
              <colors>
                <color rgb="0xFFFFFF" alpha="100" stop="0" />
              </colors>
            </fill>
          </color>
          <color name="btn_icon_shadow">
            <fill type="linear" rotation="90">
              <colors>
                <color rgb="0x000000" alpha="100" stop="0" />
              </colors>
            </fill>
          </color>
          <color name="btn_icon_color">
            <fill type="linear" rotation="90">
              <colors>
                <color rgb="0xFFFFFF" alpha="100" stop="0" />
              </colors>
            </fill>
          </color>
          <color name="seek_position">
            <fill type="linear" rotation="90">
              <colors>
                <color rgb="0xFFFFFF" alpha="100" stop="0" />
              </colors>
            </fill>
          </color>
          <color name="seek_bg">
            <fill type="linear" rotation="90">
              <colors>
                <color rgb="0x222222" alpha="100" stop="0" />
              </colors>
            </fill>
          </color>
          <color name="seek_border">
            <fill type="linear" rotation="90">
              <colors>
                <color rgb="0x1A1A1A" alpha="100" stop="0" />
                <color rgb="0x313131" alpha="100" stop="255" />
              </colors>
            </fill>
          </color>
          <color name="border">
            <fill type="linear" rotation="90">
              <colors>
                <color rgb="0x030303" alpha="100" stop="0" />
              </colors>
            </fill>
          </color>
          <color name="bg">
            <fill type="linear" rotation="90">
              <colors>
                <color rgb="0x333333" alpha="100" stop="0" />
                <color rgb="0x141414" alpha="100" stop="255" />
              </colors>
            </fill>
          </color>
        </group_colors>
      </color_group>
      <color_group name="searchinput">
        <group_colors>
          <color name="text_active">
            <fill type="linear" rotation="90">
              <colors>
                <color rgb="0x2D2D2D" alpha="100" stop="0" />
              </colors>
            </fill>
          </color>
          <color name="bg_active">
            <fill type="linear" rotation="90">
              <colors>
                <color rgb="0xFFFFFF" alpha="100" stop="0" />
              </colors>
            </fill>
          </color>
          <color name="search_text">
            <fill type="linear" rotation="90">
              <colors>
                <color rgb="0x2D2D2D" alpha="100" stop="0" />
              </colors>
            </fill>
          </color>
          <color name="hover_glow">
            <fill type="linear" rotation="90">
              <colors>
                <color rgb="0xEB9471" alpha="0" stop="0" />
              </colors>
            </fill>
          </color>
          <color name="button_hover">
            <fill type="linear" rotation="90">
              <colors>
                <color rgb="0x3A3A3A" alpha="100" stop="0" />
                <color rgb="0x0C0C0C" alpha="100" stop="255" />
              </colors>
            </fill>
          </color>
          <color name="icon">
            <fill type="linear" rotation="90">
              <colors>
                <color rgb="0xFFFFFF" alpha="100" stop="0" />
              </colors>
            </fill>
          </color>
          <color name="border">
            <fill type="linear" rotation="90">
              <colors>
                <color rgb="0x202020" alpha="100" stop="0" />
                <color rgb="0x161616" alpha="100" stop="255" />
              </colors>
            </fill>
          </color>
          <color name="bg">
            <fill type="linear" rotation="90">
              <colors>
                <color rgb="0xFFFFFF" alpha="100" stop="0" />
              </colors>
            </fill>
          </color>
        </group_colors>
      </color_group>
      <color_group name="scrollarea">
        <group_colors>
          <color name="detailb">
            <fill type="linear" rotation="90">
              <colors>
                <color rgb="0x1C1C1C" alpha="100" stop="0" />
              </colors>
            </fill>
          </color>
          <color name="detaila">
            <fill type="linear" rotation="90">
              <colors>
                <color rgb="0x595959" alpha="100" stop="0" />
              </colors>
            </fill>
          </color>
          <color name="shadow">
            <fill type="linear" rotation="90">
              <colors>
                <color rgb="0x1C1C1C" alpha="100" stop="0" />
              </colors>
            </fill>
          </color>
          <color name="icons">
            <fill type="linear" rotation="90">
              <colors>
                <color rgb="0xFFFFFF" alpha="100" stop="0" />
              </colors>
            </fill>
          </color>
          <color name="button_border">
            <fill type="linear" rotation="90">
              <colors>
                <color rgb="0x1C1C1C" alpha="100" stop="0" />
              </colors>
            </fill>
          </color>
          <color name="button_inner">
            <fill type="linear" rotation="90">
              <colors>
                <color rgb="0x5A5A5A" alpha="100" stop="0" />
                <color rgb="0x4A4A4A" alpha="100" stop="255" />
              </colors>
            </fill>
          </color>
          <color name="button_bg">
            <fill type="linear" rotation="90">
              <colors>
                <color rgb="0x4B4B4B" alpha="100" stop="0" />
                <color rgb="0x3C3C3C" alpha="100" stop="255" />
              </colors>
            </fill>
          </color>
          <color name="border">
            <fill type="linear" rotation="90">
              <colors>
                <color rgb="0x494949" alpha="100" stop="0" />
                <color rgb="0x494949" alpha="100" stop="255" />
              </colors>
            </fill>
          </color>
          <color name="bg">
            <fill type="linear" rotation="0">
              <colors>
                <color rgb="0x313131" alpha="100" stop="0" />
                <color rgb="0x363636" alpha="100" stop="128" />
              </colors>
            </fill>
          </color>
        </group_colors>
      </color_group>
      <color_group name="menu">
        <group_colors>
          <color name="shadow">
            <fill type="linear" rotation="90">
              <colors>
                <color rgb="0x0E0E0E" alpha="100" stop="0" />
              </colors>
            </fill>
          </color>
          <color name="bg">
            <fill type="linear" rotation="90">
              <colors>
                <color rgb="0x242424" alpha="100" stop="0" />
              </colors>
            </fill>
          </color>
        </group_colors>
      </color_group>
      <color_group name="logo">
        <group_colors>
          <color name="shadow">
            <fill type="linear" rotation="90">
              <colors>
                <color rgb="0x000000" alpha="100" stop="0" />
              </colors>
            </fill>
          </color>
          <color name="bg">
            <fill type="linear" rotation="90">
              <colors>
                <color rgb="0xFFFFFF" alpha="100" stop="0" />
              </colors>
            </fill>
          </color>
        </group_colors>
      </color_group>
      <color_group name="checkbox">
        <group_colors>
          <color name="hover">
            <fill type="linear" rotation="90">
              <colors>
                <color rgb="0x9C9C9C" alpha="100" stop="0" />
              </colors>
            </fill>
          </color>
          <color name="text">
            <fill type="linear" rotation="90">
              <colors>
                <color rgb="0xFFFFFF" alpha="100" stop="0" />
              </colors>
            </fill>
          </color>
          <color name="check">
            <fill type="linear" rotation="90">
              <colors>
                <color rgb="0x2BC400" alpha="100" stop="0" />
              </colors>
            </fill>
          </color>
          <color name="bg">
            <fill type="linear" rotation="90">
              <colors>
                <color rgb="0xFFFFFF" alpha="100" stop="0" />
              </colors>
            </fill>
          </color>
          <color name="border">
            <fill type="linear" rotation="90">
              <colors>
                <color rgb="0x161616" alpha="100" stop="0" />
              </colors>
            </fill>
          </color>
        </group_colors>
      </color_group>
      <color_group name="button">
        <group_colors>
          <color name="btn_icon_color">
            <fill type="linear" rotation="90">
              <colors>
                <color rgb="0xFFFFFF" alpha="100" stop="0" />
              </colors>
            </fill>
          </color>
          <color name="btn_text_shadow">
            <fill type="linear" rotation="90">
              <colors>
                <color rgb="0x000000" alpha="100" stop="0" />
              </colors>
            </fill>
          </color>
          <color name="btn_text">
            <fill type="linear" rotation="90">
              <colors>
                <color rgb="0xFFFFFF" alpha="100" stop="0" />
              </colors>
            </fill>
          </color>
          <color name="btn_border">
            <fill type="linear" rotation="90">
              <colors>
                <color rgb="0x030303" alpha="100" stop="0" />
              </colors>
            </fill>
          </color>
          <color name="btn_hover">
            <fill type="linear" rotation="90">
              <colors>
                <color rgb="0x3A3A3A" alpha="100" stop="0" />
                <color rgb="0x0C0C0C" alpha="100" stop="255" />
              </colors>
            </fill>
          </color>
          <color name="btn_down">
            <fill type="linear" rotation="90">
              <colors>
                <color rgb="0x141414" alpha="100" stop="0" />
                <color rgb="0x323232" alpha="100" stop="255" />
              </colors>
            </fill>
          </color>
          <color name="btn_bg">
            <fill type="linear" rotation="90">
              <colors>
                <color rgb="0x333333" alpha="100" stop="0" />
                <color rgb="0x141414" alpha="100" stop="255" />
              </colors>
            </fill>
          </color>
          <color name="btn_glow">
            <fill type="linear" rotation="90">
              <colors>
                <color rgb="0x252525" alpha="100" stop="0" />
              </colors>
            </fill>
          </color>
        </group_colors>
      </color_group>
      <color_group name="base">
        <group_colors>
          <color name="text">
            <fill type="linear" rotation="90">
              <colors>
                <color rgb="0xFFFFFF" alpha="100" stop="0" />
              </colors>
            </fill>
          </color>
          <color name="diva">
            <fill type="linear" rotation="90">
              <colors>
                <color rgb="0x0E0E0E" alpha="100" stop="0" />
              </colors>
            </fill>
          </color>
          <color name="divb">
            <fill type="linear" rotation="90">
              <colors>
                <color rgb="0x313131" alpha="100" stop="0" />
              </colors>
            </fill>
          </color>
          <color name="menu_shade">
            <fill type="linear" rotation="90">
              <colors>
                <color rgb="0x1B1B1B" alpha="100" stop="0" />
                <color rgb="0x0A0A0A" alpha="100" stop="255" />
              </colors>
            </fill>
          </color>
          <color name="border">
            <fill type="linear" rotation="90">
              <colors>
                <color rgb="0x292929" alpha="100" stop="0" />
                <color rgb="0x292929" alpha="100" stop="255" />
              </colors>
            </fill>
          </color>
          <color name="bg">
            <fill type="linear" rotation="90">
              <colors>
                <color rgb="0x1D1D1D" alpha="100" stop="0" />
                <color rgb="0x0B0B0B" alpha="100" stop="255" />
              </colors>
            </fill>
          </color>
          <color name="slide_bg">
            <fill type="linear" rotation="90">
              <colors>
                <color rgb="0x1D1D1D" alpha="100" stop="0" />
                <color rgb="0x0B0B0B" alpha="100" stop="255" />
              </colors>
            </fill>
          </color>
        </group_colors>
      </color_group>
      <color_group name="volume">
        <group_colors>
          <color name="thumb_border">
            <fill type="linear" rotation="90">
              <colors>
                <color rgb="0x1C1C1C" alpha="100" stop="0" />
              </colors>
            </fill>
          </color>
          <color name="thumb_inner">
            <fill type="linear" rotation="90">
              <colors>
                <color rgb="0x5A5A5A" alpha="100" stop="0" />
              </colors>
            </fill>
          </color>
          <color name="thumb_bg">
            <fill type="linear" rotation="90">
              <colors>
                <color rgb="0x4C4C4C" alpha="100" stop="0" />
              </colors>
            </fill>
          </color>
          <color name="slider_border">
            <fill type="linear" rotation="90">
              <colors>
                <color rgb="0x494949" alpha="100" stop="0" />
              </colors>
            </fill>
          </color>
          <color name="slider_bg">
            <fill type="linear" rotation="90">
              <colors>
                <color rgb="0x313131" alpha="100" stop="0" />
              </colors>
            </fill>
          </color>
        </group_colors>
      </color_group>
    </colorscheme>
  </colorschemes>
  <string_tables>
    <string_table name="pxabnsnfns11111101111">
      <string id="acc_active">active</string>
      <string id="check_include">Check to include</string>
      <string id="clear">Clear and return to menu</string>
      <string id="close">Close</string>
      <string id="acc_closed_captions">Closed captions. Press the spacebar to toggle captions on and off.</string>
      <string id="continue">Continue</string>
      <string id="continueresponsive">Continue</string>
      <string id="exit">Exit</string>
      <string id="filter">Filter</string>
      <string id="finish">FINISH</string>
      <string id="acc_finish">finish</string>
      <string id="definition">Definition</string>
      <string id="acc_definition">definition</string>
      <string id="glossary">Glossary</string>
      <string id="terms">Terms</string>
      <string id="outline">Menu</string>
      <string id="disabled_orientation">Please rotate your device</string>
      <string id="next">Continue</string>
      <string id="acc_next">next</string>
      <string id="transcript_chk">Notes</string>
      <string id="transcript">Notes</string>
      <string id="bio">Bio</string>
      <string id="more_info">More info</string>
      <string id="closed_captions">Captions</string>
      <string id="acc_pause">pause</string>
      <string id="acc_play">play</string>
      <string id="send_an_email">Send an email</string>
      <string id="prev">Back</string>
      <string id="acc_previous">previous</string>
      <string id="question_list">Question List</string>
      <string id="acc_replay">replay</string>
      <string id="resources">Resources</string>
      <string id="acc_resources">resources</string>
      <string id="restart">Restart</string>
      <string id="resume">Resume</string>
      <string id="search">Search...</string>
      <string id="acc_search_input">search</string>
      <string id="search_in">Search in:</string>
      <string id="search_results">Search Results</string>
      <string id="acc_skipnavigation">Skip navigation. Press enter to return to the slide.</string>
      <string id="slide_text_chk">Slide Text</string>
      <string id="submitall">SUBMIT ALL</string>
      <string id="acc_submitall">submit all</string>
      <string id="submit">SUBMIT</string>
      <string id="acc_submit">submit</string>
      <string id="acc_volume">volume</string>
    </string_table>
  </string_tables>
  <fonts>
    <font name="Open Sans">
      <files>
        <file bold="true" italic="false" />
        <file bold="false" italic="false" />
        <file bold="false" italic="true" />
      </files>
    </font>
  </fonts>
  <sounds enabled="true" />
  <nav_data>
    <outline>
      <links>
        <slidelink slideid="_player.6ZXBK6rzkfV" displaytext="Overview" expand="true" type="slide">
          <links>
            <slidelink slideid="_player.6ZXBK6rzkfV.6fXxW6wt0xh" displaytext="Intro" expand="false" type="slide" />
          </links>
        </slidelink>
        <slidelink slideid="_player.63fhDIHQsjF" displaytext="Audience" expand="true" type="slide">
          <links>
            <slidelink slideid="_player.63fhDIHQsjF.6VkWgYSgv9S" displaytext="Audience" expand="false" type="slide" />
          </links>
        </slidelink>
        <slidelink slideid="_player.6FLRXMvbTEV" displaytext="Purpose" expand="true" type="slide">
          <links>
            <slidelink slideid="_player.6FLRXMvbTEV.6IHaGDu8pbO" displaytext="Purpose" expand="false" type="slide" />
            <slidelink slideid="_player.6FLRXMvbTEV.6Bs2tIZtmy7" displaytext="Purpose" expand="false" type="slide" />
          </links>
        </slidelink>
        <slidelink slideid="_player.6SqGWp2ObxS" displaytext="Context" expand="true" type="slide">
          <links>
            <slidelink slideid="_player.6SqGWp2ObxS.5jPoWYnQo8r" displaytext="Context" expand="false" type="slide" />
          </links>
        </slidelink>
        <slidelink slideid="_player.62slIJBm6o6" displaytext="Genre" expand="true" type="slide">
          <links>
            <slidelink slideid="_player.62slIJBm6o6.6FcSfcFavhy" displaytext="Genre" expand="false" type="slide" />
          </links>
        </slidelink>
        <slidelink slideid="_player.6TEc1Y7vN4J" displaytext="Wrap-Up" expand="true" type="slide">
          <links>
            <slidelink slideid="_player.6TEc1Y7vN4J.6A3Aj3L3GV1" displaytext="Why it Matters" expand="false" type="slide" />
          </links>
        </slidelink>
      </links>
    </outline>
    <search>
      <slidetext slideid="6ZXBK6rzkfV.6fXxW6wt0xh" slidebank="false" type="slide">the writing situation the communication situation the rhetorical situation class goal:  analyze and produce texts that are guided by situational awareness audience purpose context genre</slidetext>
      <slidetext slideid="63fhDIHQsjF.6VkWgYSgv9S" slidebank="false" type="slide">audience speaker recipient active participant can misinterpret speaker recipient active participant can misinterpret  what is my relationship to my audience? what do i want my relationship with them to be?</slidetext>
      <slidetext slideid="6FLRXMvbTEV.6IHaGDu8pbO" slidebank="false" type="slide">purpose what does my audience want? how can i align my purposes to the audience’s desires? what obstacles are getting between my audience and their desires or my purpose? how can my communication remove or lessen those obstacles?  layers of purpose get the job get to the next communication opportunity express gratitude remind them of interest and excitement   </slidetext>
      <slidetext slideid="6FLRXMvbTEV.6Bs2tIZtmy7" slidebank="false" type="slide">purpose persuasion entertainment information/education become an “influencer” know your writing purpose share moments with friends</slidetext>
      <slidetext slideid="6SqGWp2ObxS.5jPoWYnQo8r" slidebank="false" type="slide">context context is the world outside of the writing assumptions in communication about:  technology culture religion morality language ideas ideals  what else has been said about your topic? what recent events have taken place? where am i while writing this? what does my reader know or believe?</slidetext>
      <slidetext slideid="6TEc1Y7vN4J.6A3Aj3L3GV1" slidebank="false" type="slide">why it matters increases the strength of communication increases the accuracy of communication economizes your communication makes you a better friend helps you avoid miscommunications gives you a professional superpower how do you convince someone to give your project a green light, or to promote you?  how do you motivate people to work hard with and for you?  if you’re a police officer, how do you calm down someone who’s a potential threat?  if you’re a lawyer, how do you convince a judge or jury?  if you’re a salesperson or marketer, how do you win over a customer?  purpose audience context genre</slidetext>
      <slidetext slideid="62slIJBm6o6.6FcSfcFavhy" slidebank="false" type="slide">genre which genre/format? video? text and audio? animation and interaction? options limited</slidetext>
    </search>
  </nav_data>
  <resource_data description="&lt;p align='left'&gt;&lt;font face='Open Sans' style='font-size: 11px;' size='11' color='#FFFFFF'&gt;Here are some useful links and documents:&lt;/font&gt;&lt;/p&gt;">
    <resources>
      <resource url="https://www.youtube.com/watch?v=h9S6-2vqYsY" image="story_content/url.png" title="C.A.P. Context Audience Purpose" />
      <resource url="https://www.youtube.com/watch?v=xyH79KQET5E" image="story_content/url.png" title="Writing for an Audience" />
      <resource url="https://www.youtube.com/watch?v=tSZbqbVqnwY" image="story_content/url.png" title="What is Context?" />
      <resource url="https://www.youtube.com/watch?v=ljNavH7it_Y" image="story_content/url.png" title="The Three Purposes for Writing" />
    </resources>
  </resource_data>
  <transcript_data>
    <slidetranscripts>
      <slidetranscript slideid="6ZXBK6rzkfV.6fXxW6wt0xh" slidebank="false" type="slide" noteswf="" notespng="" pathlib="Lib" pathindex="0">&lt;html&gt;&lt;p align='left' style='text-align:left;direction: ltr; padding-left: 0px'&gt;&lt;textformat leading='0' tabstops='[0, 48, 96, 144]'&gt;&lt;font face='Open Sans' size='12.5pt' style="font-size:12.5pt;" color='#ffffff'&gt;In this lesson, you’re going to be learning about the writing situation. You might also hear me refer to it as the communication situation or the rhetorical situation. Basically, this is a way to refer to the strategic approach you need to have whenever you need to communicate with someone else-either a singular individual or a group of other people. The Writing Situation is a way to break down whatever situation you’re in and be more deliberate and tactical about how to accomplish your communication goals. In the context of this class though, I want you to be able to analyze and produce texts that are guided by this situational awareness. &lt;/font&gt;&lt;/textformat&gt;&lt;/p&gt;&lt;p align='left' style='text-align:left;direction: ltr; padding-left: 0px'&gt;&lt;textformat leading='0' tabstops='[0, 48, 96, 144]'&gt;&lt;/textformat&gt;&lt;/p&gt;&lt;p align='left' style='text-align:left;direction: ltr; padding-left: 0px'&gt;&lt;textformat leading='0' tabstops='[0, 48, 96, 144]'&gt;&lt;font face='Open Sans' size='12.5pt' style="font-size:12.5pt;" color='#ffffff'&gt;The essential questions to ask in a writing or communication situation are about four things in particular: your &lt;/font&gt;&lt;font face='Open Sans' size='12.5pt' style="font-size:12.5pt;" color='#ffffff'&gt;&lt;b&gt;audience&lt;/b&gt;&lt;/font&gt;&lt;font face='Open Sans' size='12.5pt' style="font-size:12.5pt;" color='#ffffff'&gt;, your &lt;/font&gt;&lt;font face='Open Sans' size='12.5pt' style="font-size:12.5pt;" color='#ffffff'&gt;&lt;b&gt;purpose&lt;/b&gt;&lt;/font&gt;&lt;font face='Open Sans' size='12.5pt' style="font-size:12.5pt;" color='#ffffff'&gt;, your &lt;/font&gt;&lt;font face='Open Sans' size='12.5pt' style="font-size:12.5pt;" color='#ffffff'&gt;&lt;b&gt;context&lt;/b&gt;&lt;/font&gt;&lt;font face='Open Sans' size='12.5pt' style="font-size:12.5pt;" color='#ffffff'&gt;, and your &lt;/font&gt;&lt;font face='Open Sans' size='12.5pt' style="font-size:12.5pt;" color='#ffffff'&gt;&lt;b&gt;genre&lt;/b&gt;&lt;/font&gt;&lt;font face='Open Sans' size='12.5pt' style="font-size:12.5pt;" color='#ffffff'&gt;. This lesson will walk you through each of those facets of the writing situation, and help you to better comprehend exactly how each of these elements can massively change the effectiveness of your communication in various ways.&lt;/font&gt;&lt;/textformat&gt;&lt;/p&gt;&lt;/html&gt;</slidetranscript>
      <slidetranscript slideid="63fhDIHQsjF.6VkWgYSgv9S" slidebank="false" type="slide" noteswf="" notespng="" pathlib="Lib" pathindex="1">&lt;html&gt;&lt;p align='left' style='text-align:left;direction: ltr; padding-left: 0px'&gt;&lt;textformat leading='0' tabstops='[0, 48, 96, 144]'&gt;&lt;font face='Open Sans' size='12.5pt' style="font-size:12.5pt;" color='#ffffff'&gt;Let’s start with &lt;/font&gt;&lt;font face='Open Sans' size='12.5pt' style="font-size:12.5pt;" color='#ffffff'&gt;&lt;b&gt;Audience&lt;/b&gt;&lt;/font&gt;&lt;font face='Open Sans' size='12.5pt' style="font-size:12.5pt;" color='#ffffff'&gt;. In every act of communication, there are two parties: the speaker and the recipient. Both play an enormous role, and if you’re the speaker, you need to understand that the recipient isn’t just a passive receiver; they’re an active participant. They don’t just understand your thoughts, they &lt;/font&gt;&lt;font face='Open Sans' size='12.5pt' style="font-size:12.5pt;" color='#ffffff'&gt;&lt;i&gt;interpret&lt;/i&gt;&lt;/font&gt;&lt;font face='Open Sans' size='12.5pt' style="font-size:12.5pt;" color='#ffffff'&gt; for themselves whatever you actually say or write. This means there is the opportunity for &lt;/font&gt;&lt;font face='Open Sans' size='12.5pt' style="font-size:12.5pt;" color='#ffffff'&gt;&lt;i&gt;misinterpretation&lt;/i&gt;&lt;/font&gt;&lt;font face='Open Sans' size='12.5pt' style="font-size:12.5pt;" color='#ffffff'&gt;. Your job, as the communicator, is to try to make these moments of misinterpretation as few and as small as possible.&lt;/font&gt;&lt;/textformat&gt;&lt;/p&gt;&lt;p align='left' style='text-align:left;direction: ltr; padding-left: 0px'&gt;&lt;textformat leading='0' tabstops='[0, 48, 96, 144]'&gt;&lt;/textformat&gt;&lt;/p&gt;&lt;p align='left' style='text-align:left;direction: ltr; padding-left: 0px'&gt;&lt;textformat leading='0' tabstops='[0, 48, 96, 144]'&gt;&lt;font face='Open Sans' size='12.5pt' style="font-size:12.5pt;" color='#ffffff'&gt;When you consider your audience, you’re not just studying demographics; it’s not just “oh, my audience is zoomers, and they like watching Twitch.” There is an element of demographics that you should care about if you have a &lt;/font&gt;&lt;font face='Open Sans' size='12.5pt' style="font-size:12.5pt;" color='#ffffff'&gt;&lt;i&gt;massive&lt;/i&gt;&lt;/font&gt;&lt;font face='Open Sans' size='12.5pt' style="font-size:12.5pt;" color='#ffffff'&gt; audience, but most of the time, you’re not going to be communicating to such a large group of people. Most of the time, when you’re talking or writing, you have a specific person or small group of people who will receive your communication. So how should you tailor your writing to them?&lt;/font&gt;&lt;/textformat&gt;&lt;/p&gt;&lt;p align='left' style='text-align:left;direction: ltr; padding-left: 0px'&gt;&lt;textformat leading='0' tabstops='[0, 48, 96, 144]'&gt;&lt;/textformat&gt;&lt;/p&gt;&lt;p align='left' style='text-align:left;direction: ltr; padding-left: 0px'&gt;&lt;textformat leading='0' tabstops='[0, 48, 96, 144]'&gt;&lt;font face='Open Sans' size='12.5pt' style="font-size:12.5pt;" color='#ffffff'&gt;It starts by asking the right questions.&lt;/font&gt;&lt;/textformat&gt;&lt;/p&gt;&lt;p align='left' style='text-align:left;direction: ltr; padding-left: 0px'&gt;&lt;textformat leading='0' tabstops='[0, 48, 96, 144]'&gt;&lt;/textformat&gt;&lt;/p&gt;&lt;p align='left' style='text-align:left;direction: ltr; padding-left: 0px'&gt;&lt;textformat leading='0' tabstops='[0, 48, 96, 144]'&gt;&lt;font face='Open Sans' size='12.5pt' style="font-size:12.5pt;" color='#ffffff'&gt;What is my relationship with my audience? What do I want my relationship with them to be? As similar as they might seem, these two questions are very different. The first acknowledges the current state of your relationship. Are you known or unknown to the person you’re writing to? If known, you might have to overcome assumptions they’ve made about you. And if unknown, you may have to gain authority or credibility in order for the person to begin listening to you. &lt;/font&gt;&lt;/textformat&gt;&lt;/p&gt;&lt;p align='left' style='text-align:left;direction: ltr; padding-left: 0px'&gt;&lt;textformat leading='0' tabstops='[0, 48, 96, 144]'&gt;&lt;/textformat&gt;&lt;/p&gt;&lt;p align='left' style='text-align:left;direction: ltr; padding-left: 0px'&gt;&lt;textformat leading='0' tabstops='[0, 48, 96, 144]'&gt;&lt;font face='Open Sans' size='12.5pt' style="font-size:12.5pt;" color='#ffffff'&gt;Further, your relationship with the receiver of the communication can affect the formality or tone of your writing. Are you forwarding an email to a friend or emailing a potential employer? Aside from differences in genre and purpose, your tone and content will be drastically different simply because your relationship with the receiver is different.&lt;/font&gt;&lt;/textformat&gt;&lt;/p&gt;&lt;p align='left' style='text-align:left;direction: ltr; padding-left: 0px'&gt;&lt;textformat leading='0' tabstops='[0, 48, 96, 144]'&gt;&lt;/textformat&gt;&lt;/p&gt;&lt;p align='left' style='text-align:left;direction: ltr; padding-left: 0px'&gt;&lt;textformat leading='0' tabstops='[0, 48, 96, 144]'&gt;&lt;font face='Open Sans' size='12.5pt' style="font-size:12.5pt;" color='#ffffff'&gt;The second question, ‘what do I want my relationship with them to be,’ is more a question that straddles the line between audience and purpose. If you are, for example, writing that email to a potential employer, you need to be aware of the fact that they don’t know who you are, and that you would like them to become aware of your abilities and competence. &lt;/font&gt;&lt;/textformat&gt;&lt;/p&gt;&lt;/html&gt;</slidetranscript>
      <slidetranscript slideid="6FLRXMvbTEV.6IHaGDu8pbO" slidebank="false" type="slide" noteswf="" notespng="" pathlib="Lib" pathindex="2">&lt;html&gt;&lt;p align='left' style='text-align:left;direction: ltr; padding-left: 0px'&gt;&lt;textformat leading='0' tabstops='[0, 48, 96, 144]'&gt;&lt;font face='Open Sans' size='12.5pt' style="font-size:12.5pt;" color='#ffffff'&gt;Aside from those two questions about audience, probably the most important questions to consider are also related to &lt;/font&gt;&lt;font face='Open Sans' size='12.5pt' style="font-size:12.5pt;" color='#ffffff'&gt;&lt;b&gt;purpose&lt;/b&gt;&lt;/font&gt;&lt;font face='Open Sans' size='12.5pt' style="font-size:12.5pt;" color='#ffffff'&gt;: What does my audience want? How can I align my purpose to the audience’s desires? And what obstacles are getting between my audience and their desires or my purpose? How can my communication remove or lessen those obstacles?&lt;/font&gt;&lt;/textformat&gt;&lt;/p&gt;&lt;p align='left' style='text-align:left;direction: ltr; padding-left: 0px'&gt;&lt;textformat leading='0' tabstops='[0, 48, 96, 144]'&gt;&lt;/textformat&gt;&lt;/p&gt;&lt;p align='left' style='text-align:left;direction: ltr; padding-left: 0px'&gt;&lt;textformat leading='0' tabstops='[0, 48, 96, 144]'&gt;&lt;font face='Open Sans' size='12.5pt' style="font-size:12.5pt;" color='#ffffff'&gt;Another example of communication that will help to illustrate this is considering Sesame Street. It’s fair to say that the primary purpose of Sesame Street is to entertain and educate children. Depending on who you ask, the primary purpose will waver between those two goals. PBS executives will likely value the entertainment factor over the education factor, as it makes them more money and allows them to keep making their product. But maybe the people making or writing the program care more about the education factor. So how do the writers get children to learn, when learning is often painful or tedious? They use entertainment! They use songs! They use puppets! They use characters! So, while these kids are enjoying all those things, they’re also learning the alphabet, or how to count from 1-10.&lt;/font&gt;&lt;/textformat&gt;&lt;/p&gt;&lt;p align='left' style='text-align:left;direction: ltr; padding-left: 0px'&gt;&lt;textformat leading='0' tabstops='[0, 48, 96, 144]'&gt;&lt;/textformat&gt;&lt;/p&gt;&lt;p align='left' style='text-align:left;direction: ltr; padding-left: 0px'&gt;&lt;textformat leading='0' tabstops='[0, 48, 96, 144]'&gt;&lt;font face='Open Sans' size='12.5pt' style="font-size:12.5pt;" color='#ffffff'&gt;Most good communication is like this, even on a small scale. Layers of purpose focused by one person: the writer or speaker into a single goal that, at its best, serves all those smaller purposes by addressing an audience effectively. &lt;/font&gt;&lt;/textformat&gt;&lt;/p&gt;&lt;p align='left' style='text-align:left;direction: ltr; padding-left: 0px'&gt;&lt;textformat leading='0' tabstops='[0, 48, 96, 144]'&gt;&lt;/textformat&gt;&lt;/p&gt;&lt;p align='left' style='text-align:left;direction: ltr; padding-left: 0px'&gt;&lt;textformat leading='0' tabstops='[0, 48, 96, 144]'&gt;&lt;font face='Open Sans' size='12.5pt' style="font-size:12.5pt;" color='#ffffff'&gt;Consider again your hypothetical email to a potential employer. Your first priority is for them to hire you. That’s the goal. But what if this email is just thanking them for interviewing you and expressing hope to speak with them again soon? The email alone can’t accomplish that. It’s part of a piece of a sequence of communications that you hope will accomplish that task. So what’s the purpose of this email? To indicate that you’re thoughtful enough to recognize that they’ve taken time out of their day to speak with you. To acknowledge the fact that this audience needs or wants their efforts to be seen, and that they want to work with someone thoughtful enough to do even the basics like a thank you email.&lt;/font&gt;&lt;/textformat&gt;&lt;/p&gt;&lt;p align='left' style='text-align:left;direction: ltr; padding-left: 0px'&gt;&lt;textformat leading='0' tabstops='[0, 48, 96, 144]'&gt;&lt;/textformat&gt;&lt;/p&gt;&lt;p align='left' style='text-align:left;direction: ltr; padding-left: 0px'&gt;&lt;textformat leading='0' tabstops='[0, 48, 96, 144]'&gt;&lt;font face='Open Sans' size='12.5pt' style="font-size:12.5pt;" color='#ffffff'&gt;In other words, by consider what your relationship is with your audience, what you want it to be, and what they want or like or desire, you end up making the relatively small effort of writing an email, thanking them for their time. Does it alone get you the job? No, not at all. Can it lose you the job? Absolutely.&lt;/font&gt;&lt;/textformat&gt;&lt;/p&gt;&lt;p align='left' style='text-align:left;direction: ltr; padding-left: 0px'&gt;&lt;textformat leading='0' tabstops='[0, 48, 96, 144]'&gt;&lt;/textformat&gt;&lt;/p&gt;&lt;p align='left' style='text-align:left;direction: ltr; padding-left: 0px'&gt;&lt;textformat leading='0' tabstops='[0, 48, 96, 144]'&gt;&lt;font face='Open Sans' size='12.5pt' style="font-size:12.5pt;" color='#ffffff'&gt;So understanding your purpose isn’t always about being able to immediately turn your audience in your favor or immediately accomplishing your goals; sometimes it’s about getting yourself to the next opportunity to communicate so you can inch just a little bit closer to that fundamental goal. But you still need to understand and acknowledge the smaller goals of “express gratitude” and “remind them of my interest and excitement”, and where they fit into that larger goal. &lt;/font&gt;&lt;/textformat&gt;&lt;/p&gt;&lt;/html&gt;</slidetranscript>
      <slidetranscript slideid="6FLRXMvbTEV.6Bs2tIZtmy7" slidebank="false" type="slide" noteswf="" notespng="" pathlib="Lib" pathindex="3">&lt;html&gt;&lt;p align='left' style='text-align:left;direction: ltr; padding-left: 0px'&gt;&lt;textformat leading='0' tabstops='[0, 48, 96, 144]'&gt;&lt;font face='Open Sans' size='12.5pt' style="font-size:12.5pt;" color='#ffffff'&gt;The broad categories of Purpose are considered to be &lt;/font&gt;&lt;font face='Open Sans' size='12.5pt' style="font-size:12.5pt;" color='#ffffff'&gt;&lt;b&gt;Persuasion&lt;/b&gt;&lt;/font&gt;&lt;font face='Open Sans' size='12.5pt' style="font-size:12.5pt;" color='#ffffff'&gt;, &lt;/font&gt;&lt;font face='Open Sans' size='12.5pt' style="font-size:12.5pt;" color='#ffffff'&gt;&lt;b&gt;Entertainment&lt;/b&gt;&lt;/font&gt;&lt;font face='Open Sans' size='12.5pt' style="font-size:12.5pt;" color='#ffffff'&gt;, and &lt;/font&gt;&lt;font face='Open Sans' size='12.5pt' style="font-size:12.5pt;" color='#ffffff'&gt;&lt;b&gt;Informing&lt;/b&gt;&lt;/font&gt;&lt;font face='Open Sans' size='12.5pt' style="font-size:12.5pt;" color='#ffffff'&gt;/&lt;/font&gt;&lt;font face='Open Sans' size='12.5pt' style="font-size:12.5pt;" color='#ffffff'&gt;&lt;b&gt;Education&lt;/b&gt;&lt;/font&gt;&lt;font face='Open Sans' size='12.5pt' style="font-size:12.5pt;" color='#ffffff'&gt;. These purposes will overlap, as we discussed with the Sesame Street example. &lt;/font&gt;&lt;/textformat&gt;&lt;/p&gt;&lt;p align='left' style='text-align:left;direction: ltr; padding-left: 0px'&gt;&lt;textformat leading='0' tabstops='[0, 48, 96, 144]'&gt;&lt;/textformat&gt;&lt;/p&gt;&lt;p align='left' style='text-align:left;direction: ltr; padding-left: 0px'&gt;&lt;textformat leading='0' tabstops='[0, 48, 96, 144]'&gt;&lt;font face='Open Sans' size='12.5pt' style="font-size:12.5pt;" color='#ffffff'&gt;Sometimes we think about our purpose when communicating, and sometimes it’s instinctual. It’s important to understand the difference, and how intentional communication can increase your effectiveness.&lt;/font&gt;&lt;/textformat&gt;&lt;/p&gt;&lt;p align='left' style='text-align:left;direction: ltr; padding-left: 0px'&gt;&lt;textformat leading='0' tabstops='[0, 48, 96, 144]'&gt;&lt;/textformat&gt;&lt;/p&gt;&lt;p align='left' style='text-align:left;direction: ltr; padding-left: 0px'&gt;&lt;textformat leading='0' tabstops='[0, 48, 96, 144]'&gt;&lt;font face='Open Sans' size='12.5pt' style="font-size:12.5pt;" color='#ffffff'&gt;Think, for a moment, about social media. Whatever social media you use will work in this thought experiment, whether it’s TikTok, Snapchat, Twitter, Instagram, or Reddit. What is your goal on the platform? To accumulate followers or friends? To get likes or upvotes? To make a career? To share moments or ideas with friends? You probably haven’t thought about this very much, and that’s okay. Most people haven’t. But it’s probably some mix of a bunch of small motivating factors that keep you on the platform, communicating.&lt;/font&gt;&lt;/textformat&gt;&lt;/p&gt;&lt;p align='left' style='text-align:left;direction: ltr; padding-left: 0px'&gt;&lt;textformat leading='0' tabstops='[0, 48, 96, 144]'&gt;&lt;/textformat&gt;&lt;/p&gt;&lt;p align='left' style='text-align:left;direction: ltr; padding-left: 0px'&gt;&lt;textformat leading='0' tabstops='[0, 48, 96, 144]'&gt;&lt;font face='Open Sans' size='12.5pt' style="font-size:12.5pt;" color='#ffffff'&gt;Let’s say your primary goal on Instagram was to share moments with your friends. How would just concretely deciding that and proceeding with that in mind for every post change the way you used the platform? Would you use fewer filters because you care less what strangers think of you? Would you try to tag your friends in more of your posts and stories? Would you tell little anecdotes celebrating your friends in the text along with your photos? A lot might change. Or, maybe, this aligns pretty well with how you already use the platform or social media like it.&lt;/font&gt;&lt;/textformat&gt;&lt;/p&gt;&lt;p align='left' style='text-align:left;direction: ltr; padding-left: 0px'&gt;&lt;textformat leading='0' tabstops='[0, 48, 96, 144]'&gt;&lt;/textformat&gt;&lt;/p&gt;&lt;p align='left' style='text-align:left;direction: ltr; padding-left: 0px'&gt;&lt;textformat leading='0' tabstops='[0, 48, 96, 144]'&gt;&lt;font face='Open Sans' size='12.5pt' style="font-size:12.5pt;" color='#ffffff'&gt;So let’s say your primary goal on TikTok is to Become An Influencer. To gather followers and likes and views. What would you change about your page? You probably would research what makes other people successful on the platform and try to emulate it. Maybe that means you start dancing in your videos, or using clever editing to make jokes, or collaborating with bigger accounts than yours. You’d probably increase your production value by adding better lighting, music, editing, etc. &lt;/font&gt;&lt;/textformat&gt;&lt;/p&gt;&lt;p align='left' style='text-align:left;direction: ltr; padding-left: 0px'&gt;&lt;textformat leading='0' tabstops='[0, 48, 96, 144]'&gt;&lt;/textformat&gt;&lt;/p&gt;&lt;p align='left' style='text-align:left;direction: ltr; padding-left: 0px'&gt;&lt;textformat leading='0' tabstops='[0, 48, 96, 144]'&gt;&lt;font face='Open Sans' size='12.5pt' style="font-size:12.5pt;" color='#ffffff'&gt;But here’s the thing I want you to be certain of: if you know your goal, if you keep it in mind every time you communicate, if you try to get better at accomplishing your goal, over time you will begin to succeed. Make no mistake, if you want to become an influencer, you can do it with enough time and focus on the communication taking place.&lt;/font&gt;&lt;/textformat&gt;&lt;/p&gt;&lt;p align='left' style='text-align:left;direction: ltr; padding-left: 0px'&gt;&lt;textformat leading='0' tabstops='[0, 48, 96, 144]'&gt;&lt;/textformat&gt;&lt;/p&gt;&lt;p align='left' style='text-align:left;direction: ltr; padding-left: 0px'&gt;&lt;textformat leading='0' tabstops='[0, 48, 96, 144]'&gt;&lt;font face='Open Sans' size='12.5pt' style="font-size:12.5pt;" color='#ffffff'&gt;The same is true about writing: knowing your purpose, alongside your audience, is an essential ingredient to getting better at communicating in any format.&lt;/font&gt;&lt;/textformat&gt;&lt;/p&gt;&lt;/html&gt;</slidetranscript>
      <slidetranscript slideid="6SqGWp2ObxS.5jPoWYnQo8r" slidebank="false" type="slide" noteswf="" notespng="" pathlib="Lib" pathindex="4">&lt;html&gt;&lt;p align='left' style='text-align:left;direction: ltr; padding-left: 0px'&gt;&lt;textformat leading='0' tabstops='[0, 48, 96, 144]'&gt;&lt;font face='Open Sans' size='12.5pt' style="font-size:12.5pt;" color='#ffffff'&gt;You should also, when communicating, consider the &lt;/font&gt;&lt;font face='Open Sans' size='12.5pt' style="font-size:12.5pt;" color='#ffffff'&gt;&lt;b&gt;context&lt;/b&gt;&lt;/font&gt;&lt;font face='Open Sans' size='12.5pt' style="font-size:12.5pt;" color='#ffffff'&gt;. This is probably the most advanced or unconscious element of the writing situation. Context is the world outside of the writing. It’s the assumptions that your reader makes about technology, culture, religion, morality, language, ideas, ideals, and the general state of the world.&lt;/font&gt;&lt;/textformat&gt;&lt;/p&gt;&lt;p align='left' style='text-align:left;direction: ltr; padding-left: 0px'&gt;&lt;textformat leading='0' tabstops='[0, 48, 96, 144]'&gt;&lt;/textformat&gt;&lt;/p&gt;&lt;p align='left' style='text-align:left;direction: ltr; padding-left: 0px'&gt;&lt;textformat leading='0' tabstops='[0, 48, 96, 144]'&gt;&lt;font face='Open Sans' size='12.5pt' style="font-size:12.5pt;" color='#ffffff'&gt;Your job, in considering context, is to try to avoid ruinous misinterpretations based on not understanding your readers’ assumptions. &lt;/font&gt;&lt;/textformat&gt;&lt;/p&gt;&lt;p align='left' style='text-align:left;direction: ltr; padding-left: 0px'&gt;&lt;textformat leading='0' tabstops='[0, 48, 96, 144]'&gt;&lt;/textformat&gt;&lt;/p&gt;&lt;p align='left' style='text-align:left;direction: ltr; padding-left: 0px'&gt;&lt;textformat leading='0' tabstops='[0, 48, 96, 144]'&gt;&lt;font face='Open Sans' size='12.5pt' style="font-size:12.5pt;" color='#ffffff'&gt;Consider for a moment how time effects context. Values in speech and language change rapidly. Think of speech that is unacceptable now that would have been acceptable 10 years ago. Now consider all the things that you can say now, about religion, rulers, philosophy, and other things that you couldn’t say in the past. &lt;/font&gt;&lt;/textformat&gt;&lt;/p&gt;&lt;p align='left' style='text-align:left;direction: ltr; padding-left: 0px'&gt;&lt;textformat leading='0' tabstops='[0, 48, 96, 144]'&gt;&lt;/textformat&gt;&lt;/p&gt;&lt;p align='left' style='text-align:left;direction: ltr; padding-left: 0px'&gt;&lt;textformat leading='0' tabstops='[0, 48, 96, 144]'&gt;&lt;font face='Open Sans' size='12.5pt' style="font-size:12.5pt;" color='#ffffff'&gt;Think of a science fiction horror movie from the 50’s. It was scary and exciting to its initial audiences. How would you view such a thing now? Black and white? Paper mache monster? Bad sets? Clich&amp;#233; music? This same content, this same movie, might now be considered a comedy more than science fiction, certainly more than horror. The content hasn’t changed, just our assumptions and ideas and capabilities have. In other words, the only thing that has changed is the context.&lt;/font&gt;&lt;/textformat&gt;&lt;/p&gt;&lt;p align='left' style='text-align:left;direction: ltr; padding-left: 0px'&gt;&lt;textformat leading='0' tabstops='[0, 48, 96, 144]'&gt;&lt;/textformat&gt;&lt;/p&gt;&lt;p align='left' style='text-align:left;direction: ltr; padding-left: 0px'&gt;&lt;textformat leading='0' tabstops='[0, 48, 96, 144]'&gt;&lt;font face='Open Sans' size='12.5pt' style="font-size:12.5pt;" color='#ffffff'&gt;Time isn’t the only element of context to consider, however. What else has been said about your topic? What recent events have taken place that relate to this topic? Where am I while writing this? What can I expect my reader to know/believe/care about? Context is the life that an author and their audience brings to a piece of writing.&lt;/font&gt;&lt;/textformat&gt;&lt;/p&gt;&lt;p align='left' style='text-align:left;direction: ltr; padding-left: 0px'&gt;&lt;textformat leading='0' tabstops='[0, 48, 96, 144]'&gt;&lt;/textformat&gt;&lt;/p&gt;&lt;p align='left' style='text-align:left;direction: ltr; padding-left: 0px'&gt;&lt;textformat leading='0' tabstops='[0, 48, 96, 144]'&gt;&lt;font face='Open Sans' size='12.5pt' style="font-size:12.5pt;" color='#ffffff'&gt;Understanding your own context, your own assumptions about standards of decency, language, and ideals, is just as important as understanding your audience’s. In other words, when it comes to context, you’re much more likely to be thinking consciously about your audience’s standards than you are to be examining your own. Both are equally important, as both are essential to the speaker-participant communication being clear and accurately interpretable. &lt;/font&gt;&lt;/textformat&gt;&lt;/p&gt;&lt;/html&gt;</slidetranscript>
      <slidetranscript slideid="6TEc1Y7vN4J.6A3Aj3L3GV1" slidebank="false" type="slide" noteswf="" notespng="" pathlib="Lib" pathindex="5">&lt;html&gt;&lt;p align='left' style='text-align:left;direction: ltr; padding-left: 0px'&gt;&lt;textformat leading='0' tabstops='[0, 48, 96, 144]'&gt;&lt;font face='Open Sans' size='12.5pt' style="font-size:12.5pt;" color='#ffffff'&gt;So to wrap up, I just want to reiterate the importance of the writing situation, the communication situation. Why it’s so important to communicate strategically, consciously, and thoughtfully on a consistent basis. It increases the strength of your communication. It allows each communication to do more work for you. Further, it increases the accuracy of your communication, by increasing the likelihood that your communication hits who it’s supposed to in the way it’s supposed to. It economizes your communication, giving you the best effect for the smallest amount of words.&lt;/font&gt;&lt;/textformat&gt;&lt;/p&gt;&lt;p align='left' style='text-align:left;direction: ltr; padding-left: 0px'&gt;&lt;textformat leading='0' tabstops='[0, 48, 96, 144]'&gt;&lt;/textformat&gt;&lt;/p&gt;&lt;p align='left' style='text-align:left;direction: ltr; padding-left: 0px'&gt;&lt;textformat leading='0' tabstops='[0, 48, 96, 144]'&gt;&lt;font face='Open Sans' size='12.5pt' style="font-size:12.5pt;" color='#ffffff'&gt;Knowing how to do this can make you a better friend or family member. Knowing how to avoid miscommunications is so essential to maintaining good relationships with the people you care about. What’s more, putting this kind of effort into your communications with people communicates a level of care that people will notice; it is transparent when someone is really trying hard to be a source of clarity and comfort.&lt;/font&gt;&lt;/textformat&gt;&lt;/p&gt;&lt;p align='left' style='text-align:left;direction: ltr; padding-left: 0px'&gt;&lt;textformat leading='0' tabstops='[0, 48, 96, 144]'&gt;&lt;/textformat&gt;&lt;/p&gt;&lt;p align='left' style='text-align:left;direction: ltr; padding-left: 0px'&gt;&lt;textformat leading='0' tabstops='[0, 48, 96, 144]'&gt;&lt;font face='Open Sans' size='12.5pt' style="font-size:12.5pt;" color='#ffffff'&gt;And aside from helping your personal life, this is a professional super power. Communication was already incredibly potent in decades past, but now we’re entering an era where all of the most powerful people are the most powerful communicators. It is incredibly hard to get or maintain power if you fail to communicate well.&lt;/font&gt;&lt;/textformat&gt;&lt;/p&gt;&lt;p align='left' style='text-align:left;direction: ltr; padding-left: 0px'&gt;&lt;textformat leading='0' tabstops='[0, 48, 96, 144]'&gt;&lt;/textformat&gt;&lt;/p&gt;&lt;p align='left' style='text-align:left;direction: ltr; padding-left: 0px'&gt;&lt;textformat leading='0' tabstops='[0, 48, 96, 144]'&gt;&lt;font face='Open Sans' size='12.5pt' style="font-size:12.5pt;" color='#ffffff'&gt;Think again of the example of social media. How do reporters, politicians, and billionaires use the platform to increase their impact? How do people come out of nowhere to gather audiences and influence? They use the tools of communication accurately and skillfully. If you go on TikTok and look at any of the biggest accounts, none of those people are there by accident. They have used lighting, editing, music, speech, makeup, writing, and more to grab people’s attention and hold it. &lt;/font&gt;&lt;/textformat&gt;&lt;/p&gt;&lt;p align='left' style='text-align:left;direction: ltr; padding-left: 0px'&gt;&lt;textformat leading='0' tabstops='[0, 48, 96, 144]'&gt;&lt;/textformat&gt;&lt;/p&gt;&lt;p align='left' style='text-align:left;direction: ltr; padding-left: 0px'&gt;&lt;textformat leading='0' tabstops='[0, 48, 96, 144]'&gt;&lt;font face='Open Sans' size='12.5pt' style="font-size:12.5pt;" color='#ffffff'&gt;This is not just true of social media, of course. Consider the mastery required to navigate office politics. How do you convince someone to give your project a green light, or to promote you? How do you motivate people to work hard with and for you? If you’re a police officer, how do you calm down someone who’s a potential threat? If you’re a lawyer, how do you convince a judge or jury? If you’re a salesperson or marketer, how do you win over a customer? &lt;/font&gt;&lt;/textformat&gt;&lt;/p&gt;&lt;p align='left' style='text-align:left;direction: ltr; padding-left: 0px'&gt;&lt;textformat leading='0' tabstops='[0, 48, 96, 144]'&gt;&lt;/textformat&gt;&lt;/p&gt;&lt;p align='left' style='text-align:left;direction: ltr; padding-left: 0px'&gt;&lt;textformat leading='0' tabstops='[0, 48, 96, 144]'&gt;&lt;font face='Open Sans' size='12.5pt' style="font-size:12.5pt;" color='#ffffff'&gt;Mastering the tools of the communication situation will make you capable in whatever domains you choose to apply them to. So remember to consider them consistently and thoroughly whenever you communicate: Purpose, Audience, Context, Genre.&lt;/font&gt;&lt;/textformat&gt;&lt;/p&gt;&lt;/html&gt;</slidetranscript>
      <slidetranscript slideid="62slIJBm6o6.6FcSfcFavhy" slidebank="false" type="slide" noteswf="" notespng="" pathlib="Lib" pathindex="6">&lt;html&gt;&lt;p align='left' style='text-align:left;direction: ltr; padding-left: 0px'&gt;&lt;textformat leading='0' tabstops='[0, 48, 96, 144]'&gt;&lt;font face='Open Sans' size='12.5pt' style="font-size:12.5pt;" color='#ffffff'&gt;&lt;b&gt;Genre&lt;/b&gt;&lt;/font&gt;&lt;font face='Open Sans' size='12.5pt' style="font-size:12.5pt;" color='#ffffff'&gt; is also important as a consideration in the writing situation, but it’s less important in this class. In the context of this class, I will be choosing the genre for you. But when you have the ability to choose your genre, it will be incredibly important.&lt;/font&gt;&lt;/textformat&gt;&lt;/p&gt;&lt;p align='left' style='text-align:left;direction: ltr; padding-left: 0px'&gt;&lt;textformat leading='0' tabstops='[0, 48, 96, 144]'&gt;&lt;/textformat&gt;&lt;/p&gt;&lt;p align='left' style='text-align:left;direction: ltr; padding-left: 0px'&gt;&lt;textformat leading='0' tabstops='[0, 48, 96, 144]'&gt;&lt;font face='Open Sans' size='12.5pt' style="font-size:12.5pt;" color='#ffffff'&gt;Consider, for a moment, how I decided how I might deliver this lesson to you. Should I use a video of me just talking? Text and audio? Animation and interaction? Sure, my options are limited by time and ability, but given those limitations, I made this choice. &lt;/font&gt;&lt;/textformat&gt;&lt;/p&gt;&lt;p align='left' style='text-align:left;direction: ltr; padding-left: 0px'&gt;&lt;textformat leading='0' tabstops='[0, 48, 96, 144]'&gt;&lt;/textformat&gt;&lt;/p&gt;&lt;p align='left' style='text-align:left;direction: ltr; padding-left: 0px'&gt;&lt;textformat leading='0' tabstops='[0, 48, 96, 144]'&gt;&lt;font face='Open Sans' size='12.5pt' style="font-size:12.5pt;" color='#ffffff'&gt;You will have similar choices to make in your life and career. Different genres, or delivery methods, will be available to you, and different ones will work better or worse given different audiences, purposes, contexts, and content. Though I won’t spend much time on this the rest of the course, you should still be aware of its importance going forward.&lt;/font&gt;&lt;/textformat&gt;&lt;/p&gt;&lt;/html&gt;</slidetranscript>
    </slidetranscripts>
  </transcript_data>
  <glossary_data />
</bwFrame>